{
  "name": "tidy-ui_game-settings",
  "title": "Tidy UI - Game Settings",
  "description": "User Interface Improvements for the Game Settings Window",
  "author": "sdenec",
  "version": "0.1.17",
  "minimumCoreVersion": "0.6.0",
  "compatibleCoreVersion": "0.6.6",
  "styles": [
  	"./styles/tidy-ui_game-settings.css"
  ],
  "esmodules": ["tidy-ui_game-settings.js"],
  "url": "https://github.com/sdenec/tidy-ui_game-settings",
  "manifest": "https://raw.githubusercontent.com/sdenec/tidy-ui_game-settings/master/module.json",
  "download": "https://github.com/sdenec/tidy-ui_game-settings/raw/master/tidy-ui_game-settings.zip"
}